timestamp,session_id,event_type,level_id,pos_x,pos_y,is_successful,attack_type,enemy_hit,chest_id,cause_of_death,result,source_file
1776613604,27c6ca73-9d40-4f9e-bde3-c7223bbf6dc0,Level_Start,1.0,,,,,,,,,telemetry_27c6ca73-9d40-4f9e-bde3-c7223bbf6dc0_20260419_174624.json
1776613604,27c6ca73-9d40-4f9e-bde3-c7223bbf6dc0,Checkpoint_Reached,,-0.699981689453125,-0.20000457763671875,,,,,,,telemetry_27c6ca73-9d40-4f9e-bde3-c7223bbf6dc0_20260419_174624.json
1776613608,27c6ca73-9d40-4f9e-bde3-c7223bbf6dc0,Checkpoint_Reached,,-5.786724090576172,0.5762405395507812,,,,,,,telemetry_27c6ca73-9d40-4f9e-bde3-c7223bbf6dc0_20260419_174624.json
1776613610,27c6ca73-9d40-4f9e-bde3-c7223bbf6dc0,Chest_Opened,1.0,,,,,,featheritem,,,telemetry_27c6ca73-9d40-4f9e-bde3-c7223bbf6dc0_20260419_174624.json
1776613618,27c6ca73-9d40-4f9e-bde3-c7223bbf6dc0,Feather_Recall_Attempt,,,,True,,,,,,telemetry_27c6ca73-9d40-4f9e-bde3-c7223bbf6dc0_20260419_174624.json
1776613623,27c6ca73-9d40-4f9e-bde3-c7223bbf6dc0,Checkpoint_Reached,,21.302473068237305,2.572967529296875,,,,,,,telemetry_27c6ca73-9d40-4f9e-bde3-c7223bbf6dc0_20260419_174624.json
1776613632,27c6ca73-9d40-4f9e-bde3-c7223bbf6dc0,Player_Death,,21.302473068237305,2.572967529296875,,,,,void,,telemetry_27c6ca73-9d40-4f9e-bde3-c7223bbf6dc0_20260419_174624.json
1776613639,27c6ca73-9d40-4f9e-bde3-c7223bbf6dc0,Chest_Opened,1.0,,,,,,featheritem,,,telemetry_27c6ca73-9d40-4f9e-bde3-c7223bbf6dc0_20260419_174624.json
1776613644,27c6ca73-9d40-4f9e-bde3-c7223bbf6dc0,Feather_Recall_Attempt,,,,False,,,,,,telemetry_27c6ca73-9d40-4f9e-bde3-c7223bbf6dc0_20260419_174624.json
1776613647,27c6ca73-9d40-4f9e-bde3-c7223bbf6dc0,Feather_Recall_Attempt,,,,False,,,,,,telemetry_27c6ca73-9d40-4f9e-bde3-c7223bbf6dc0_20260419_174624.json
1776613648,27c6ca73-9d40-4f9e-bde3-c7223bbf6dc0,Feather_Recall_Attempt,,,,False,,,,,,telemetry_27c6ca73-9d40-4f9e-bde3-c7223bbf6dc0_20260419_174624.json
1776613655,27c6ca73-9d40-4f9e-bde3-c7223bbf6dc0,Feather_Recall_Attempt,,,,True,,,,,,telemetry_27c6ca73-9d40-4f9e-bde3-c7223bbf6dc0_20260419_174624.json
1776613660,27c6ca73-9d40-4f9e-bde3-c7223bbf6dc0,Feather_Recall_Attempt,,,,True,,,,,,telemetry_27c6ca73-9d40-4f9e-bde3-c7223bbf6dc0_20260419_174624.json
1776613666,27c6ca73-9d40-4f9e-bde3-c7223bbf6dc0,Chest_Opened,1.0,,,,,,sword,,,telemetry_27c6ca73-9d40-4f9e-bde3-c7223bbf6dc0_20260419_174624.json
1776613669,27c6ca73-9d40-4f9e-bde3-c7223bbf6dc0,Player_Attack,,,,,ground,True,,,,telemetry_27c6ca73-9d40-4f9e-bde3-c7223bbf6dc0_20260419_174624.json
1776613670,27c6ca73-9d40-4f9e-bde3-c7223bbf6dc0,Player_Attack,,,,,ground,False,,,,telemetry_27c6ca73-9d40-4f9e-bde3-c7223bbf6dc0_20260419_174624.json
1776613673,27c6ca73-9d40-4f9e-bde3-c7223bbf6dc0,Player_Attack,,,,,ground,True,,,,telemetry_27c6ca73-9d40-4f9e-bde3-c7223bbf6dc0_20260419_174624.json
1776613674,27c6ca73-9d40-4f9e-bde3-c7223bbf6dc0,Player_Attack,,,,,ground,False,,,,telemetry_27c6ca73-9d40-4f9e-bde3-c7223bbf6dc0_20260419_174624.json
1776613676,27c6ca73-9d40-4f9e-bde3-c7223bbf6dc0,Checkpoint_Reached,,57.31513595581055,15.656108856201172,,,,,,,telemetry_27c6ca73-9d40-4f9e-bde3-c7223bbf6dc0_20260419_174624.json
1776613682,27c6ca73-9d40-4f9e-bde3-c7223bbf6dc0,Player_Attack,,,,,ground,False,,,,telemetry_27c6ca73-9d40-4f9e-bde3-c7223bbf6dc0_20260419_174624.json
1776613684,27c6ca73-9d40-4f9e-bde3-c7223bbf6dc0,Feather_Recall_Attempt,,,,True,,,,,,telemetry_27c6ca73-9d40-4f9e-bde3-c7223bbf6dc0_20260419_174624.json
1776613692,27c6ca73-9d40-4f9e-bde3-c7223bbf6dc0,Feather_Recall_Attempt,,,,True,,,,,,telemetry_27c6ca73-9d40-4f9e-bde3-c7223bbf6dc0_20260419_174624.json
1776613696,27c6ca73-9d40-4f9e-bde3-c7223bbf6dc0,Chest_Opened,1.0,,,,,,featheritem,,,telemetry_27c6ca73-9d40-4f9e-bde3-c7223bbf6dc0_20260419_174624.json
1776613699,27c6ca73-9d40-4f9e-bde3-c7223bbf6dc0,Player_Death,,81.16472625732422,81.16472625732422,,,,,enemy_range,,telemetry_27c6ca73-9d40-4f9e-bde3-c7223bbf6dc0_20260419_174624.json
1776613709,27c6ca73-9d40-4f9e-bde3-c7223bbf6dc0,Player_Attack,,,,,aerial,True,,,,telemetry_27c6ca73-9d40-4f9e-bde3-c7223bbf6dc0_20260419_174624.json
1776613711,27c6ca73-9d40-4f9e-bde3-c7223bbf6dc0,Player_Attack,,,,,ground,True,,,,telemetry_27c6ca73-9d40-4f9e-bde3-c7223bbf6dc0_20260419_174624.json
1776613711,27c6ca73-9d40-4f9e-bde3-c7223bbf6dc0,Player_Attack,,,,,ground,False,,,,telemetry_27c6ca73-9d40-4f9e-bde3-c7223bbf6dc0_20260419_174624.json
1776613717,27c6ca73-9d40-4f9e-bde3-c7223bbf6dc0,Feather_Recall_Attempt,,,,True,,,,,,telemetry_27c6ca73-9d40-4f9e-bde3-c7223bbf6dc0_20260419_174624.json
1776613721,27c6ca73-9d40-4f9e-bde3-c7223bbf6dc0,Feather_Recall_Attempt,,,,False,,,,,,telemetry_27c6ca73-9d40-4f9e-bde3-c7223bbf6dc0_20260419_174624.json
1776613724,27c6ca73-9d40-4f9e-bde3-c7223bbf6dc0,Checkpoint_Reached,,93.42303466796875,45.87944793701172,,,,,,,telemetry_27c6ca73-9d40-4f9e-bde3-c7223bbf6dc0_20260419_174624.json
1776613724,27c6ca73-9d40-4f9e-bde3-c7223bbf6dc0,Feather_Recall_Attempt,,,,True,,,,,,telemetry_27c6ca73-9d40-4f9e-bde3-c7223bbf6dc0_20260419_174624.json
1776613729,27c6ca73-9d40-4f9e-bde3-c7223bbf6dc0,Player_Attack,,,,,ground,False,,,,telemetry_27c6ca73-9d40-4f9e-bde3-c7223bbf6dc0_20260419_174624.json
1776613732,27c6ca73-9d40-4f9e-bde3-c7223bbf6dc0,Checkpoint_Reached,,120.4098129272461,24.714981079101562,,,,,,,telemetry_27c6ca73-9d40-4f9e-bde3-c7223bbf6dc0_20260419_174624.json
1776613736,27c6ca73-9d40-4f9e-bde3-c7223bbf6dc0,Feather_Recall_Attempt,,,,False,,,,,,telemetry_27c6ca73-9d40-4f9e-bde3-c7223bbf6dc0_20260419_174624.json
1776613736,27c6ca73-9d40-4f9e-bde3-c7223bbf6dc0,Feather_Recall_Attempt,,,,True,,,,,,telemetry_27c6ca73-9d40-4f9e-bde3-c7223bbf6dc0_20260419_174624.json
1776613751,27c6ca73-9d40-4f9e-bde3-c7223bbf6dc0,Player_Attack,,,,,ground,False,,,,telemetry_27c6ca73-9d40-4f9e-bde3-c7223bbf6dc0_20260419_174624.json
1776613752,27c6ca73-9d40-4f9e-bde3-c7223bbf6dc0,Level_End,1.0,,,,,,,,completed,telemetry_27c6ca73-9d40-4f9e-bde3-c7223bbf6dc0_20260419_174624.json
1776613755,27c6ca73-9d40-4f9e-bde3-c7223bbf6dc0,Level_Start,2.0,,,,,,,,,telemetry_27c6ca73-9d40-4f9e-bde3-c7223bbf6dc0_20260419_174624.json
1776613755,27c6ca73-9d40-4f9e-bde3-c7223bbf6dc0,Checkpoint_Reached,,223.36000061035156,92.06299591064453,,,,,,,telemetry_27c6ca73-9d40-4f9e-bde3-c7223bbf6dc0_20260419_174624.json
1776613759,27c6ca73-9d40-4f9e-bde3-c7223bbf6dc0,Player_Death,,223.36000061035156,92.06299591064453,,,,,void,,telemetry_27c6ca73-9d40-4f9e-bde3-c7223bbf6dc0_20260419_174624.json
1776613768,27c6ca73-9d40-4f9e-bde3-c7223bbf6dc0,Chest_Opened,2.0,,,,,,life,,,telemetry_27c6ca73-9d40-4f9e-bde3-c7223bbf6dc0_20260419_174624.json
1776613783,27c6ca73-9d40-4f9e-bde3-c7223bbf6dc0,Player_Death,,223.36000061035156,92.06299591064453,,,,,void,,telemetry_27c6ca73-9d40-4f9e-bde3-c7223bbf6dc0_20260419_174624.json
1776613787,27c6ca73-9d40-4f9e-bde3-c7223bbf6dc0,Feather_Recall_Attempt,,,,True,,,,,,telemetry_27c6ca73-9d40-4f9e-bde3-c7223bbf6dc0_20260419_174624.json
1776613800,27c6ca73-9d40-4f9e-bde3-c7223bbf6dc0,Feather_Recall_Attempt,,,,True,,,,,,telemetry_27c6ca73-9d40-4f9e-bde3-c7223bbf6dc0_20260419_174624.json
1776613802,27c6ca73-9d40-4f9e-bde3-c7223bbf6dc0,Checkpoint_Reached,,290.5879821777344,93.17677307128906,,,,,,,telemetry_27c6ca73-9d40-4f9e-bde3-c7223bbf6dc0_20260419_174624.json
1776613814,27c6ca73-9d40-4f9e-bde3-c7223bbf6dc0,Feather_Recall_Attempt,,,,True,,,,,,telemetry_27c6ca73-9d40-4f9e-bde3-c7223bbf6dc0_20260419_174624.json
1776613821,27c6ca73-9d40-4f9e-bde3-c7223bbf6dc0,Player_Attack,,,,,ground,False,,,,telemetry_27c6ca73-9d40-4f9e-bde3-c7223bbf6dc0_20260419_174624.json
1776613822,27c6ca73-9d40-4f9e-bde3-c7223bbf6dc0,Player_Attack,,,,,aerial,False,,,,telemetry_27c6ca73-9d40-4f9e-bde3-c7223bbf6dc0_20260419_174624.json
1776613841,27c6ca73-9d40-4f9e-bde3-c7223bbf6dc0,Player_Attack,,,,,aerial,True,,,,telemetry_27c6ca73-9d40-4f9e-bde3-c7223bbf6dc0_20260419_174624.json
1776613852,27c6ca73-9d40-4f9e-bde3-c7223bbf6dc0,Level_End,2.0,,,,,,,,completed,telemetry_27c6ca73-9d40-4f9e-bde3-c7223bbf6dc0_20260419_174624.json
1776613857,27c6ca73-9d40-4f9e-bde3-c7223bbf6dc0,Session_End,,,,,,,,,,telemetry_27c6ca73-9d40-4f9e-bde3-c7223bbf6dc0_20260419_174624.json
1776645485,3fccb79e-1852-4912-b016-d57dc7f00786,Level_Start,1.0,,,,,,,,,telemetry_3fccb79e-1852-4912-b016-d57dc7f00786_20260420_023738.csv
1776645485,3fccb79e-1852-4912-b016-d57dc7f00786,Checkpoint_Reached,,-0.6999817,-0.2000046,,,,,,,telemetry_3fccb79e-1852-4912-b016-d57dc7f00786_20260420_023738.csv
1776645487,3fccb79e-1852-4912-b016-d57dc7f00786,Checkpoint_Reached,,-5.786724,0.5762405,,,,,,,telemetry_3fccb79e-1852-4912-b016-d57dc7f00786_20260420_023738.csv
1776645489,3fccb79e-1852-4912-b016-d57dc7f00786,Chest_Opened,1.0,,,,,,featheritem,,,telemetry_3fccb79e-1852-4912-b016-d57dc7f00786_20260420_023738.csv
1776645495,3fccb79e-1852-4912-b016-d57dc7f00786,Feather_Recall_Attempt,,,,True,,,,,,telemetry_3fccb79e-1852-4912-b016-d57dc7f00786_20260420_023738.csv
1776645499,3fccb79e-1852-4912-b016-d57dc7f00786,Checkpoint_Reached,,21.30247,2.572968,,,,,,,telemetry_3fccb79e-1852-4912-b016-d57dc7f00786_20260420_023738.csv
1776645507,3fccb79e-1852-4912-b016-d57dc7f00786,Chest_Opened,1.0,,,,,,featheritem,,,telemetry_3fccb79e-1852-4912-b016-d57dc7f00786_20260420_023738.csv
1776645512,3fccb79e-1852-4912-b016-d57dc7f00786,Feather_Recall_Attempt,,,,True,,,,,,telemetry_3fccb79e-1852-4912-b016-d57dc7f00786_20260420_023738.csv
1776645524,3fccb79e-1852-4912-b016-d57dc7f00786,Feather_Recall_Attempt,,,,True,,,,,,telemetry_3fccb79e-1852-4912-b016-d57dc7f00786_20260420_023738.csv
1776645526,3fccb79e-1852-4912-b016-d57dc7f00786,Feather_Recall_Attempt,,,,False,,,,,,telemetry_3fccb79e-1852-4912-b016-d57dc7f00786_20260420_023738.csv
1776645526,3fccb79e-1852-4912-b016-d57dc7f00786,Chest_Opened,1.0,,,,,,sword,,,telemetry_3fccb79e-1852-4912-b016-d57dc7f00786_20260420_023738.csv
1776645529,3fccb79e-1852-4912-b016-d57dc7f00786,Player_Attack,,,,,ground,False,,,,telemetry_3fccb79e-1852-4912-b016-d57dc7f00786_20260420_023738.csv
1776645532,3fccb79e-1852-4912-b016-d57dc7f00786,Player_Attack,,,,,ground,True,,,,telemetry_3fccb79e-1852-4912-b016-d57dc7f00786_20260420_023738.csv
1776645533,3fccb79e-1852-4912-b016-d57dc7f00786,Player_Attack,,,,,ground,True,,,,telemetry_3fccb79e-1852-4912-b016-d57dc7f00786_20260420_023738.csv
1776645537,3fccb79e-1852-4912-b016-d57dc7f00786,Checkpoint_Reached,,57.31514,15.65611,,,,,,,telemetry_3fccb79e-1852-4912-b016-d57dc7f00786_20260420_023738.csv
1776645539,3fccb79e-1852-4912-b016-d57dc7f00786,Player_Death,,57.31514,15.65611,,,,,void,,telemetry_3fccb79e-1852-4912-b016-d57dc7f00786_20260420_023738.csv
1776645544,3fccb79e-1852-4912-b016-d57dc7f00786,Player_Attack,,,,,ground,False,,,,telemetry_3fccb79e-1852-4912-b016-d57dc7f00786_20260420_023738.csv
1776645549,3fccb79e-1852-4912-b016-d57dc7f00786,Feather_Recall_Attempt,,,,True,,,,,,telemetry_3fccb79e-1852-4912-b016-d57dc7f00786_20260420_023738.csv
1776645551,3fccb79e-1852-4912-b016-d57dc7f00786,Player_Attack,,,,,ground,True,,,,telemetry_3fccb79e-1852-4912-b016-d57dc7f00786_20260420_023738.csv
1776645552,3fccb79e-1852-4912-b016-d57dc7f00786,Player_Attack,,,,,ground,True,,,,telemetry_3fccb79e-1852-4912-b016-d57dc7f00786_20260420_023738.csv
1776645552,3fccb79e-1852-4912-b016-d57dc7f00786,Chest_Opened,1.0,,,,,,featheritem,,,telemetry_3fccb79e-1852-4912-b016-d57dc7f00786_20260420_023738.csv
1776645558,3fccb79e-1852-4912-b016-d57dc7f00786,Feather_Recall_Attempt,,,,True,,,,,,telemetry_3fccb79e-1852-4912-b016-d57dc7f00786_20260420_023738.csv
1776645558,3fccb79e-1852-4912-b016-d57dc7f00786,Checkpoint_Reached,,93.42303,45.87945,,,,,,,telemetry_3fccb79e-1852-4912-b016-d57dc7f00786_20260420_023738.csv
1776645561,3fccb79e-1852-4912-b016-d57dc7f00786,Player_Death,,93.42303,45.87945,,,,,void,,telemetry_3fccb79e-1852-4912-b016-d57dc7f00786_20260420_023738.csv
1776645565,3fccb79e-1852-4912-b016-d57dc7f00786,Player_Attack,,,,,ground,False,,,,telemetry_3fccb79e-1852-4912-b016-d57dc7f00786_20260420_023738.csv
1776645567,3fccb79e-1852-4912-b016-d57dc7f00786,Feather_Recall_Attempt,,,,True,,,,,,telemetry_3fccb79e-1852-4912-b016-d57dc7f00786_20260420_023738.csv
1776645568,3fccb79e-1852-4912-b016-d57dc7f00786,Checkpoint_Reached,,120.4098,24.71498,,,,,,,telemetry_3fccb79e-1852-4912-b016-d57dc7f00786_20260420_023738.csv
1776645580,3fccb79e-1852-4912-b016-d57dc7f00786,Level_End,1.0,,,,,,,,completed,telemetry_3fccb79e-1852-4912-b016-d57dc7f00786_20260420_023738.csv
1776645582,3fccb79e-1852-4912-b016-d57dc7f00786,Level_Start,2.0,,,,,,,,,telemetry_3fccb79e-1852-4912-b016-d57dc7f00786_20260420_023738.csv
1776645582,3fccb79e-1852-4912-b016-d57dc7f00786,Checkpoint_Reached,,223.36,92.063,,,,,,,telemetry_3fccb79e-1852-4912-b016-d57dc7f00786_20260420_023738.csv
1776645587,3fccb79e-1852-4912-b016-d57dc7f00786,Player_Death,,223.36,92.063,,,,,void,,telemetry_3fccb79e-1852-4912-b016-d57dc7f00786_20260420_023738.csv
1776645594,3fccb79e-1852-4912-b016-d57dc7f00786,Chest_Opened,2.0,,,,,,life,,,telemetry_3fccb79e-1852-4912-b016-d57dc7f00786_20260420_023738.csv
1776645608,3fccb79e-1852-4912-b016-d57dc7f00786,Feather_Recall_Attempt,,,,True,,,,,,telemetry_3fccb79e-1852-4912-b016-d57dc7f00786_20260420_023738.csv
1776645609,3fccb79e-1852-4912-b016-d57dc7f00786,Checkpoint_Reached,,290.588,93.17677,,,,,,,telemetry_3fccb79e-1852-4912-b016-d57dc7f00786_20260420_023738.csv
1776645620,3fccb79e-1852-4912-b016-d57dc7f00786,Feather_Recall_Attempt,,,,True,,,,,,telemetry_3fccb79e-1852-4912-b016-d57dc7f00786_20260420_023738.csv
1776645625,3fccb79e-1852-4912-b016-d57dc7f00786,Feather_Recall_Attempt,,,,True,,,,,,telemetry_3fccb79e-1852-4912-b016-d57dc7f00786_20260420_023738.csv
1776645628,3fccb79e-1852-4912-b016-d57dc7f00786,Feather_Recall_Attempt,,,,True,,,,,,telemetry_3fccb79e-1852-4912-b016-d57dc7f00786_20260420_023738.csv
1776645638,3fccb79e-1852-4912-b016-d57dc7f00786,Player_Death,,290.588,93.17677,,,,,void,,telemetry_3fccb79e-1852-4912-b016-d57dc7f00786_20260420_023738.csv
1776645640,3fccb79e-1852-4912-b016-d57dc7f00786,Player_Death,,290.588,93.17677,,,,,void,,telemetry_3fccb79e-1852-4912-b016-d57dc7f00786_20260420_023738.csv
1776645651,3fccb79e-1852-4912-b016-d57dc7f00786,Feather_Recall_Attempt,,,,True,,,,,,telemetry_3fccb79e-1852-4912-b016-d57dc7f00786_20260420_023738.csv
1776645654,3fccb79e-1852-4912-b016-d57dc7f00786,Feather_Recall_Attempt,,,,True,,,,,,telemetry_3fccb79e-1852-4912-b016-d57dc7f00786_20260420_023738.csv
1776645655,3fccb79e-1852-4912-b016-d57dc7f00786,Feather_Recall_Attempt,,,,True,,,,,,telemetry_3fccb79e-1852-4912-b016-d57dc7f00786_20260420_023738.csv
1776645656,3fccb79e-1852-4912-b016-d57dc7f00786,Player_Death,,290.588,93.17677,,,,,void,,telemetry_3fccb79e-1852-4912-b016-d57dc7f00786_20260420_023738.csv
1776645658,3fccb79e-1852-4912-b016-d57dc7f00786,Feather_Recall_Attempt,,,,True,,,,,,telemetry_3fccb79e-1852-4912-b016-d57dc7f00786_20260420_023738.csv
1776645658,3fccb79e-1852-4912-b016-d57dc7f00786,Player_Death,,290.588,93.17677,,,,,void,,telemetry_3fccb79e-1852-4912-b016-d57dc7f00786_20260420_023738.csv
1776645661,3fccb79e-1852-4912-b016-d57dc7f00786,Player_Death,,290.588,93.17677,,,,,void,,telemetry_3fccb79e-1852-4912-b016-d57dc7f00786_20260420_023738.csv
1776645672,3fccb79e-1852-4912-b016-d57dc7f00786,Feather_Recall_Attempt,,,,True,,,,,,telemetry_3fccb79e-1852-4912-b016-d57dc7f00786_20260420_023738.csv
1776645676,3fccb79e-1852-4912-b016-d57dc7f00786,Feather_Recall_Attempt,,,,True,,,,,,telemetry_3fccb79e-1852-4912-b016-d57dc7f00786_20260420_023738.csv
1776645691,3fccb79e-1852-4912-b016-d57dc7f00786,Player_Attack,,,,,aerial,True,,,,telemetry_3fccb79e-1852-4912-b016-d57dc7f00786_20260420_023738.csv
1776645694,3fccb79e-1852-4912-b016-d57dc7f00786,Player_Attack,,,,,aerial,True,,,,telemetry_3fccb79e-1852-4912-b016-d57dc7f00786_20260420_023738.csv
1776645698,3fccb79e-1852-4912-b016-d57dc7f00786,Player_Attack,,,,,aerial,True,,,,telemetry_3fccb79e-1852-4912-b016-d57dc7f00786_20260420_023738.csv
1776645702,3fccb79e-1852-4912-b016-d57dc7f00786,Level_End,2.0,,,,,,,,completed,telemetry_3fccb79e-1852-4912-b016-d57dc7f00786_20260420_023738.csv
1776645704,3fccb79e-1852-4912-b016-d57dc7f00786,Session_End,,,,,,,,,,telemetry_3fccb79e-1852-4912-b016-d57dc7f00786_20260420_023738.csv
1776644068,8b969f93-10c5-4a0e-aa9c-8261e08f631f,Session_End,,,,,,,,,,featherrise-telemetry-p3-default-rtdb-export.json
1776516873,ad4b271a-21f6-49bc-800c-3355f610073b,Session_Start,,,,,,,,,,telemetry_ad4b271a-21f6-49bc-800c-3355f610073b_20260418_145433.json
1776516881,ad4b271a-21f6-49bc-800c-3355f610073b,Level_Start,1.0,,,,,,,,,telemetry_ad4b271a-21f6-49bc-800c-3355f610073b_20260418_145433.json
1776516881,ad4b271a-21f6-49bc-800c-3355f610073b,Checkpoint_Reached,,-0.699981689453125,-0.20000457763671875,,,,,,,telemetry_ad4b271a-21f6-49bc-800c-3355f610073b_20260418_145433.json
1776516883,ad4b271a-21f6-49bc-800c-3355f610073b,Checkpoint_Reached,,-5.786724090576172,0.5762405395507812,,,,,,,telemetry_ad4b271a-21f6-49bc-800c-3355f610073b_20260418_145433.json
1776516885,ad4b271a-21f6-49bc-800c-3355f610073b,Player_Death,,-5.786724090576172,0.5762405395507812,,,,,void,,telemetry_ad4b271a-21f6-49bc-800c-3355f610073b_20260418_145433.json
1776516887,ad4b271a-21f6-49bc-800c-3355f610073b,Chest_Opened,1.0,,,,,,featheritem,,,telemetry_ad4b271a-21f6-49bc-800c-3355f610073b_20260418_145433.json
1776516891,ad4b271a-21f6-49bc-800c-3355f610073b,Player_Death,,-5.786724090576172,0.5762405395507812,,,,,void,,telemetry_ad4b271a-21f6-49bc-800c-3355f610073b_20260418_145433.json
1776516896,ad4b271a-21f6-49bc-800c-3355f610073b,Feather_Recall_Attempt,,,,True,,,,,,telemetry_ad4b271a-21f6-49bc-800c-3355f610073b_20260418_145433.json
1776516900,ad4b271a-21f6-49bc-800c-3355f610073b,Checkpoint_Reached,,21.302473068237305,2.572967529296875,,,,,,,telemetry_ad4b271a-21f6-49bc-800c-3355f610073b_20260418_145433.json
1776516906,ad4b271a-21f6-49bc-800c-3355f610073b,Player_Death,,21.302473068237305,2.572967529296875,,,,,void,,telemetry_ad4b271a-21f6-49bc-800c-3355f610073b_20260418_145433.json
1776516912,ad4b271a-21f6-49bc-800c-3355f610073b,Chest_Opened,1.0,,,,,,featheritem,,,telemetry_ad4b271a-21f6-49bc-800c-3355f610073b_20260418_145433.json
1776516924,ad4b271a-21f6-49bc-800c-3355f610073b,Feather_Recall_Attempt,,,,True,,,,,,telemetry_ad4b271a-21f6-49bc-800c-3355f610073b_20260418_145433.json
1776516934,ad4b271a-21f6-49bc-800c-3355f610073b,Player_Death,,45.17501449584961,45.17501449584961,,,,,enemy_mele,,telemetry_ad4b271a-21f6-49bc-800c-3355f610073b_20260418_145433.json
1776516946,ad4b271a-21f6-49bc-800c-3355f610073b,Chest_Opened,1.0,,,,,,sword,,,telemetry_ad4b271a-21f6-49bc-800c-3355f610073b_20260418_145433.json
1776516948,ad4b271a-21f6-49bc-800c-3355f610073b,Player_Attack,,,,,ground,True,,,,telemetry_ad4b271a-21f6-49bc-800c-3355f610073b_20260418_145433.json
1776516949,ad4b271a-21f6-49bc-800c-3355f610073b,Player_Attack,,,,,ground,True,,,,telemetry_ad4b271a-21f6-49bc-800c-3355f610073b_20260418_145433.json
1776516950,ad4b271a-21f6-49bc-800c-3355f610073b,Feather_Recall_Attempt,,,,True,,,,,,telemetry_ad4b271a-21f6-49bc-800c-3355f610073b_20260418_145433.json
1776516953,ad4b271a-21f6-49bc-800c-3355f610073b,Checkpoint_Reached,,57.31513595581055,15.656108856201172,,,,,,,telemetry_ad4b271a-21f6-49bc-800c-3355f610073b_20260418_145433.json
1776516955,ad4b271a-21f6-49bc-800c-3355f610073b,Player_Attack,,,,,ground,False,,,,telemetry_ad4b271a-21f6-49bc-800c-3355f610073b_20260418_145433.json
1776516957,ad4b271a-21f6-49bc-800c-3355f610073b,Player_Attack,,,,,ground,False,,,,telemetry_ad4b271a-21f6-49bc-800c-3355f610073b_20260418_145433.json
1776516961,ad4b271a-21f6-49bc-800c-3355f610073b,Feather_Recall_Attempt,,,,True,,,,,,telemetry_ad4b271a-21f6-49bc-800c-3355f610073b_20260418_145433.json
1776516964,ad4b271a-21f6-49bc-800c-3355f610073b,Chest_Opened,1.0,,,,,,featheritem,,,telemetry_ad4b271a-21f6-49bc-800c-3355f610073b_20260418_145433.json
1776516966,ad4b271a-21f6-49bc-800c-3355f610073b,Player_Attack,,,,,ground,True,,,,telemetry_ad4b271a-21f6-49bc-800c-3355f610073b_20260418_145433.json
1776516973,ad4b271a-21f6-49bc-800c-3355f610073b,Player_Attack,,,,,aerial,False,,,,telemetry_ad4b271a-21f6-49bc-800c-3355f610073b_20260418_145433.json
1776516974,ad4b271a-21f6-49bc-800c-3355f610073b,Player_Attack,,,,,aerial,False,,,,telemetry_ad4b271a-21f6-49bc-800c-3355f610073b_20260418_145433.json
1776516976,ad4b271a-21f6-49bc-800c-3355f610073b,Player_Attack,,,,,aerial,False,,,,telemetry_ad4b271a-21f6-49bc-800c-3355f610073b_20260418_145433.json
1776516979,ad4b271a-21f6-49bc-800c-3355f610073b,Player_Death,,81.0142593383789,81.0142593383789,,,,,enemy_range,,telemetry_ad4b271a-21f6-49bc-800c-3355f610073b_20260418_145433.json
1776516981,ad4b271a-21f6-49bc-800c-3355f610073b,Player_Attack,,,,,ground,False,,,,telemetry_ad4b271a-21f6-49bc-800c-3355f610073b_20260418_145433.json
1776516984,ad4b271a-21f6-49bc-800c-3355f610073b,Player_Death,,57.31513595581055,15.656108856201172,,,,,void,,telemetry_ad4b271a-21f6-49bc-800c-3355f610073b_20260418_145433.json
1776516986,ad4b271a-21f6-49bc-800c-3355f610073b,Player_Death,,57.31513595581055,15.656108856201172,,,,,void,,telemetry_ad4b271a-21f6-49bc-800c-3355f610073b_20260418_145433.json
1776516995,ad4b271a-21f6-49bc-800c-3355f610073b,Player_Attack,,,,,aerial,True,,,,telemetry_ad4b271a-21f6-49bc-800c-3355f610073b_20260418_145433.json
1776516997,ad4b271a-21f6-49bc-800c-3355f610073b,Player_Attack,,,,,ground,True,,,,telemetry_ad4b271a-21f6-49bc-800c-3355f610073b_20260418_145433.json
1776516997,ad4b271a-21f6-49bc-800c-3355f610073b,Player_Attack,,,,,ground,False,,,,telemetry_ad4b271a-21f6-49bc-800c-3355f610073b_20260418_145433.json
1776516998,ad4b271a-21f6-49bc-800c-3355f610073b,Player_Attack,,,,,ground,False,,,,telemetry_ad4b271a-21f6-49bc-800c-3355f610073b_20260418_145433.json
1776517000,ad4b271a-21f6-49bc-800c-3355f610073b,Feather_Recall_Attempt,,,,True,,,,,,telemetry_ad4b271a-21f6-49bc-800c-3355f610073b_20260418_145433.json
1776517003,ad4b271a-21f6-49bc-800c-3355f610073b,Feather_Recall_Attempt,,,,True,,,,,,telemetry_ad4b271a-21f6-49bc-800c-3355f610073b_20260418_145433.json
1776517004,ad4b271a-21f6-49bc-800c-3355f610073b,Feather_Recall_Attempt,,,,False,,,,,,telemetry_ad4b271a-21f6-49bc-800c-3355f610073b_20260418_145433.json
1776517010,ad4b271a-21f6-49bc-800c-3355f610073b,Feather_Recall_Attempt,,,,True,,,,,,telemetry_ad4b271a-21f6-49bc-800c-3355f610073b_20260418_145433.json
1776517012,ad4b271a-21f6-49bc-800c-3355f610073b,Checkpoint_Reached,,93.42303466796875,45.87944793701172,,,,,,,telemetry_ad4b271a-21f6-49bc-800c-3355f610073b_20260418_145433.json
1776517012,ad4b271a-21f6-49bc-800c-3355f610073b,Feather_Recall_Attempt,,,,False,,,,,,telemetry_ad4b271a-21f6-49bc-800c-3355f610073b_20260418_145433.json
1776517013,ad4b271a-21f6-49bc-800c-3355f610073b,Feather_Recall_Attempt,,,,False,,,,,,telemetry_ad4b271a-21f6-49bc-800c-3355f610073b_20260418_145433.json
1776517017,ad4b271a-21f6-49bc-800c-3355f610073b,Player_Attack,,,,,ground,False,,,,telemetry_ad4b271a-21f6-49bc-800c-3355f610073b_20260418_145433.json
1776517021,ad4b271a-21f6-49bc-800c-3355f610073b,Checkpoint_Reached,,120.4098129272461,24.714981079101562,,,,,,,telemetry_ad4b271a-21f6-49bc-800c-3355f610073b_20260418_145433.json
1776517024,ad4b271a-21f6-49bc-800c-3355f610073b,Feather_Recall_Attempt,,,,False,,,,,,telemetry_ad4b271a-21f6-49bc-800c-3355f610073b_20260418_145433.json
1776517027,ad4b271a-21f6-49bc-800c-3355f610073b,Feather_Recall_Attempt,,,,False,,,,,,telemetry_ad4b271a-21f6-49bc-800c-3355f610073b_20260418_145433.json
1776517037,ad4b271a-21f6-49bc-800c-3355f610073b,Player_Attack,,,,,ground,False,,,,telemetry_ad4b271a-21f6-49bc-800c-3355f610073b_20260418_145433.json
1776517038,ad4b271a-21f6-49bc-800c-3355f610073b,Level_End,1.0,,,,,,,,completed,telemetry_ad4b271a-21f6-49bc-800c-3355f610073b_20260418_145433.json
1776517039,ad4b271a-21f6-49bc-800c-3355f610073b,Level_Start,2.0,,,,,,,,,telemetry_ad4b271a-21f6-49bc-800c-3355f610073b_20260418_145433.json
1776517039,ad4b271a-21f6-49bc-800c-3355f610073b,Checkpoint_Reached,,223.36000061035156,92.06299591064453,,,,,,,telemetry_ad4b271a-21f6-49bc-800c-3355f610073b_20260418_145433.json
1776517047,ad4b271a-21f6-49bc-800c-3355f610073b,Feather_Recall_Attempt,,,,True,,,,,,telemetry_ad4b271a-21f6-49bc-800c-3355f610073b_20260418_145433.json
1776517049,ad4b271a-21f6-49bc-800c-3355f610073b,Feather_Recall_Attempt,,,,True,,,,,,telemetry_ad4b271a-21f6-49bc-800c-3355f610073b_20260418_145433.json
1776517051,ad4b271a-21f6-49bc-800c-3355f610073b,Chest_Opened,2.0,,,,,,life,,,telemetry_ad4b271a-21f6-49bc-800c-3355f610073b_20260418_145433.json
1776517066,ad4b271a-21f6-49bc-800c-3355f610073b,Feather_Recall_Attempt,,,,True,,,,,,telemetry_ad4b271a-21f6-49bc-800c-3355f610073b_20260418_145433.json
1776517067,ad4b271a-21f6-49bc-800c-3355f610073b,Checkpoint_Reached,,290.5879821777344,93.17677307128906,,,,,,,telemetry_ad4b271a-21f6-49bc-800c-3355f610073b_20260418_145433.json
1776517078,ad4b271a-21f6-49bc-800c-3355f610073b,Feather_Recall_Attempt,,,,True,,,,,,telemetry_ad4b271a-21f6-49bc-800c-3355f610073b_20260418_145433.json
1776517082,ad4b271a-21f6-49bc-800c-3355f610073b,Player_Death,,290.5879821777344,93.17677307128906,,,,,void,,telemetry_ad4b271a-21f6-49bc-800c-3355f610073b_20260418_145433.json
1776517084,ad4b271a-21f6-49bc-800c-3355f610073b,Player_Death,,290.5879821777344,93.17677307128906,,,,,void,,telemetry_ad4b271a-21f6-49bc-800c-3355f610073b_20260418_145433.json
1776517085,ad4b271a-21f6-49bc-800c-3355f610073b,Player_Death,,290.5879821777344,93.17677307128906,,,,,void,,telemetry_ad4b271a-21f6-49bc-800c-3355f610073b_20260418_145433.json
1776517087,ad4b271a-21f6-49bc-800c-3355f610073b,Player_Death,,290.5879821777344,93.17677307128906,,,,,void,,telemetry_ad4b271a-21f6-49bc-800c-3355f610073b_20260418_145433.json
1776517099,ad4b271a-21f6-49bc-800c-3355f610073b,Feather_Recall_Attempt,,,,True,,,,,,telemetry_ad4b271a-21f6-49bc-800c-3355f610073b_20260418_145433.json
1776517102,ad4b271a-21f6-49bc-800c-3355f610073b,Feather_Recall_Attempt,,,,True,,,,,,telemetry_ad4b271a-21f6-49bc-800c-3355f610073b_20260418_145433.json
1776517130,ad4b271a-21f6-49bc-800c-3355f610073b,Level_End,2.0,,,,,,,,completed,telemetry_ad4b271a-21f6-49bc-800c-3355f610073b_20260418_145433.json
1776517133,ad4b271a-21f6-49bc-800c-3355f610073b,Session_End,,,,,,,,,,telemetry_ad4b271a-21f6-49bc-800c-3355f610073b_20260418_145433.json
1776603181,c0cfa5bf-88a4-46ab-a899-36c1a500332f,Session_Start,,,,,,,,,,telemetry_c0cfa5bf-88a4-46ab-a899-36c1a500332f_20260419_145301.json
1776603204,c0cfa5bf-88a4-46ab-a899-36c1a500332f,Level_Start,1.0,,,,,,,,,telemetry_c0cfa5bf-88a4-46ab-a899-36c1a500332f_20260419_145301.json
1776603204,c0cfa5bf-88a4-46ab-a899-36c1a500332f,Checkpoint_Reached,,-0.699981689453125,-0.20000457763671875,,,,,,,telemetry_c0cfa5bf-88a4-46ab-a899-36c1a500332f_20260419_145301.json
1776603208,c0cfa5bf-88a4-46ab-a899-36c1a500332f,Checkpoint_Reached,,-5.786724090576172,0.5762405395507812,,,,,,,telemetry_c0cfa5bf-88a4-46ab-a899-36c1a500332f_20260419_145301.json
1776603210,c0cfa5bf-88a4-46ab-a899-36c1a500332f,Chest_Opened,1.0,,,,,,featheritem,,,telemetry_c0cfa5bf-88a4-46ab-a899-36c1a500332f_20260419_145301.json
1776603217,c0cfa5bf-88a4-46ab-a899-36c1a500332f,Feather_Recall_Attempt,,,,True,,,,,,telemetry_c0cfa5bf-88a4-46ab-a899-36c1a500332f_20260419_145301.json
1776603220,c0cfa5bf-88a4-46ab-a899-36c1a500332f,Checkpoint_Reached,,21.302473068237305,2.572967529296875,,,,,,,telemetry_c0cfa5bf-88a4-46ab-a899-36c1a500332f_20260419_145301.json
1776603227,c0cfa5bf-88a4-46ab-a899-36c1a500332f,Chest_Opened,1.0,,,,,,featheritem,,,telemetry_c0cfa5bf-88a4-46ab-a899-36c1a500332f_20260419_145301.json
1776603240,c0cfa5bf-88a4-46ab-a899-36c1a500332f,Feather_Recall_Attempt,,,,True,,,,,,telemetry_c0cfa5bf-88a4-46ab-a899-36c1a500332f_20260419_145301.json
1776603241,c0cfa5bf-88a4-46ab-a899-36c1a500332f,Feather_Recall_Attempt,,,,False,,,,,,telemetry_c0cfa5bf-88a4-46ab-a899-36c1a500332f_20260419_145301.json
1776603245,c0cfa5bf-88a4-46ab-a899-36c1a500332f,Feather_Recall_Attempt,,,,True,,,,,,telemetry_c0cfa5bf-88a4-46ab-a899-36c1a500332f_20260419_145301.json
1776603249,c0cfa5bf-88a4-46ab-a899-36c1a500332f,Feather_Recall_Attempt,,,,True,,,,,,telemetry_c0cfa5bf-88a4-46ab-a899-36c1a500332f_20260419_145301.json
1776603259,c0cfa5bf-88a4-46ab-a899-36c1a500332f,Chest_Opened,1.0,,,,,,sword,,,telemetry_c0cfa5bf-88a4-46ab-a899-36c1a500332f_20260419_145301.json
1776603263,c0cfa5bf-88a4-46ab-a899-36c1a500332f,Feather_Recall_Attempt,,,,False,,,,,,telemetry_c0cfa5bf-88a4-46ab-a899-36c1a500332f_20260419_145301.json
1776603263,c0cfa5bf-88a4-46ab-a899-36c1a500332f,Player_Attack,,,,,ground,True,,,,telemetry_c0cfa5bf-88a4-46ab-a899-36c1a500332f_20260419_145301.json
1776603264,c0cfa5bf-88a4-46ab-a899-36c1a500332f,Player_Attack,,,,,ground,True,,,,telemetry_c0cfa5bf-88a4-46ab-a899-36c1a500332f_20260419_145301.json
1776603266,c0cfa5bf-88a4-46ab-a899-36c1a500332f,Player_Attack,,,,,ground,True,,,,telemetry_c0cfa5bf-88a4-46ab-a899-36c1a500332f_20260419_145301.json
1776603267,c0cfa5bf-88a4-46ab-a899-36c1a500332f,Checkpoint_Reached,,57.31513595581055,15.656108856201172,,,,,,,telemetry_c0cfa5bf-88a4-46ab-a899-36c1a500332f_20260419_145301.json
1776603270,c0cfa5bf-88a4-46ab-a899-36c1a500332f,Player_Attack,,,,,ground,False,,,,telemetry_c0cfa5bf-88a4-46ab-a899-36c1a500332f_20260419_145301.json
1776603275,c0cfa5bf-88a4-46ab-a899-36c1a500332f,Feather_Recall_Attempt,,,,True,,,,,,telemetry_c0cfa5bf-88a4-46ab-a899-36c1a500332f_20260419_145301.json
1776603278,c0cfa5bf-88a4-46ab-a899-36c1a500332f,Player_Attack,,,,,ground,True,,,,telemetry_c0cfa5bf-88a4-46ab-a899-36c1a500332f_20260419_145301.json
1776603279,c0cfa5bf-88a4-46ab-a899-36c1a500332f,Chest_Opened,1.0,,,,,,featheritem,,,telemetry_c0cfa5bf-88a4-46ab-a899-36c1a500332f_20260419_145301.json
1776603287,c0cfa5bf-88a4-46ab-a899-36c1a500332f,Checkpoint_Reached,,93.42303466796875,45.87944793701172,,,,,,,telemetry_c0cfa5bf-88a4-46ab-a899-36c1a500332f_20260419_145301.json
1776603288,c0cfa5bf-88a4-46ab-a899-36c1a500332f,Feather_Recall_Attempt,,,,True,,,,,,telemetry_c0cfa5bf-88a4-46ab-a899-36c1a500332f_20260419_145301.json
1776603296,c0cfa5bf-88a4-46ab-a899-36c1a500332f,Checkpoint_Reached,,120.4098129272461,24.714981079101562,,,,,,,telemetry_c0cfa5bf-88a4-46ab-a899-36c1a500332f_20260419_145301.json
1776603298,c0cfa5bf-88a4-46ab-a899-36c1a500332f,Player_Death,,120.4098129272461,24.714981079101562,,,,,void,,telemetry_c0cfa5bf-88a4-46ab-a899-36c1a500332f_20260419_145301.json
1776603309,c0cfa5bf-88a4-46ab-a899-36c1a500332f,Feather_Recall_Attempt,,,,True,,,,,,telemetry_c0cfa5bf-88a4-46ab-a899-36c1a500332f_20260419_145301.json
1776603312,c0cfa5bf-88a4-46ab-a899-36c1a500332f,Feather_Recall_Attempt,,,,False,,,,,,telemetry_c0cfa5bf-88a4-46ab-a899-36c1a500332f_20260419_145301.json
1776603324,c0cfa5bf-88a4-46ab-a899-36c1a500332f,Level_End,1.0,,,,,,,,completed,telemetry_c0cfa5bf-88a4-46ab-a899-36c1a500332f_20260419_145301.json
1776603327,c0cfa5bf-88a4-46ab-a899-36c1a500332f,Level_Start,2.0,,,,,,,,,telemetry_c0cfa5bf-88a4-46ab-a899-36c1a500332f_20260419_145301.json
1776603327,c0cfa5bf-88a4-46ab-a899-36c1a500332f,Checkpoint_Reached,,223.36000061035156,92.06299591064453,,,,,,,telemetry_c0cfa5bf-88a4-46ab-a899-36c1a500332f_20260419_145301.json
1776603331,c0cfa5bf-88a4-46ab-a899-36c1a500332f,Feather_Recall_Attempt,,,,False,,,,,,telemetry_c0cfa5bf-88a4-46ab-a899-36c1a500332f_20260419_145301.json
1776603332,c0cfa5bf-88a4-46ab-a899-36c1a500332f,Feather_Recall_Attempt,,,,True,,,,,,telemetry_c0cfa5bf-88a4-46ab-a899-36c1a500332f_20260419_145301.json
1776603332,c0cfa5bf-88a4-46ab-a899-36c1a500332f,Player_Death,,223.36000061035156,92.06299591064453,,,,,void,,telemetry_c0cfa5bf-88a4-46ab-a899-36c1a500332f_20260419_145301.json
1776603345,c0cfa5bf-88a4-46ab-a899-36c1a500332f,Feather_Recall_Attempt,,,,True,,,,,,telemetry_c0cfa5bf-88a4-46ab-a899-36c1a500332f_20260419_145301.json
1776603347,c0cfa5bf-88a4-46ab-a899-36c1a500332f,Checkpoint_Reached,,290.5879821777344,93.17677307128906,,,,,,,telemetry_c0cfa5bf-88a4-46ab-a899-36c1a500332f_20260419_145301.json
1776603355,c0cfa5bf-88a4-46ab-a899-36c1a500332f,Feather_Recall_Attempt,,,,False,,,,,,telemetry_c0cfa5bf-88a4-46ab-a899-36c1a500332f_20260419_145301.json
1776603356,c0cfa5bf-88a4-46ab-a899-36c1a500332f,Feather_Recall_Attempt,,,,True,,,,,,telemetry_c0cfa5bf-88a4-46ab-a899-36c1a500332f_20260419_145301.json
1776603357,c0cfa5bf-88a4-46ab-a899-36c1a500332f,Feather_Recall_Attempt,,,,False,,,,,,telemetry_c0cfa5bf-88a4-46ab-a899-36c1a500332f_20260419_145301.json
1776603358,c0cfa5bf-88a4-46ab-a899-36c1a500332f,Feather_Recall_Attempt,,,,True,,,,,,telemetry_c0cfa5bf-88a4-46ab-a899-36c1a500332f_20260419_145301.json
1776603363,c0cfa5bf-88a4-46ab-a899-36c1a500332f,Feather_Recall_Attempt,,,,True,,,,,,telemetry_c0cfa5bf-88a4-46ab-a899-36c1a500332f_20260419_145301.json
1776603367,c0cfa5bf-88a4-46ab-a899-36c1a500332f,Feather_Recall_Attempt,,,,True,,,,,,telemetry_c0cfa5bf-88a4-46ab-a899-36c1a500332f_20260419_145301.json
1776603397,c0cfa5bf-88a4-46ab-a899-36c1a500332f,Level_End,2.0,,,,,,,,completed,telemetry_c0cfa5bf-88a4-46ab-a899-36c1a500332f_20260419_145301.json
1776603404,c0cfa5bf-88a4-46ab-a899-36c1a500332f,Level_Start,2.0,,,,,,,,,telemetry_c0cfa5bf-88a4-46ab-a899-36c1a500332f_20260419_145301.json
1776603404,c0cfa5bf-88a4-46ab-a899-36c1a500332f,Checkpoint_Reached,,223.36000061035156,92.06299591064453,,,,,,,telemetry_c0cfa5bf-88a4-46ab-a899-36c1a500332f_20260419_145301.json
1776603412,c0cfa5bf-88a4-46ab-a899-36c1a500332f,Chest_Opened,2.0,,,,,,life,,,telemetry_c0cfa5bf-88a4-46ab-a899-36c1a500332f_20260419_145301.json
1776603425,c0cfa5bf-88a4-46ab-a899-36c1a500332f,Feather_Recall_Attempt,,,,True,,,,,,telemetry_c0cfa5bf-88a4-46ab-a899-36c1a500332f_20260419_145301.json
1776603426,c0cfa5bf-88a4-46ab-a899-36c1a500332f,Checkpoint_Reached,,290.5879821777344,93.17677307128906,,,,,,,telemetry_c0cfa5bf-88a4-46ab-a899-36c1a500332f_20260419_145301.json
1776603438,c0cfa5bf-88a4-46ab-a899-36c1a500332f,Feather_Recall_Attempt,,,,True,,,,,,telemetry_c0cfa5bf-88a4-46ab-a899-36c1a500332f_20260419_145301.json
1776603441,c0cfa5bf-88a4-46ab-a899-36c1a500332f,Feather_Recall_Attempt,,,,True,,,,,,telemetry_c0cfa5bf-88a4-46ab-a899-36c1a500332f_20260419_145301.json
1776603472,c0cfa5bf-88a4-46ab-a899-36c1a500332f,Session_End,,,,,,,,,,telemetry_c0cfa5bf-88a4-46ab-a899-36c1a500332f_20260419_145301.json
1776643828,da5527d5-6bb4-4e00-95a5-7095db56bf85,Level_Start,1.0,,,,,,,,,featherrise-telemetry-p3-default-rtdb-export.json
1776643828,da5527d5-6bb4-4e00-95a5-7095db56bf85,Checkpoint_Reached,,-0.699981689453125,-0.20000457763671875,,,,,,,featherrise-telemetry-p3-default-rtdb-export.json
1776643831,da5527d5-6bb4-4e00-95a5-7095db56bf85,Checkpoint_Reached,,-5.786724090576172,0.5762405395507812,,,,,,,featherrise-telemetry-p3-default-rtdb-export.json
1776643874,da5527d5-6bb4-4e00-95a5-7095db56bf85,Chest_Opened,1.0,,,,,,featheritem,,,featherrise-telemetry-p3-default-rtdb-export.json
1776643883,da5527d5-6bb4-4e00-95a5-7095db56bf85,Feather_Recall_Attempt,,,,True,,,,,,featherrise-telemetry-p3-default-rtdb-export.json
1776643888,da5527d5-6bb4-4e00-95a5-7095db56bf85,Feather_Recall_Attempt,,,,True,,,,,,featherrise-telemetry-p3-default-rtdb-export.json
1776643892,da5527d5-6bb4-4e00-95a5-7095db56bf85,Checkpoint_Reached,,21.302473068237305,2.572967529296875,,,,,,,featherrise-telemetry-p3-default-rtdb-export.json
1776643908,da5527d5-6bb4-4e00-95a5-7095db56bf85,Chest_Opened,1.0,,,,,,featheritem,,,featherrise-telemetry-p3-default-rtdb-export.json
1776643915,da5527d5-6bb4-4e00-95a5-7095db56bf85,Feather_Recall_Attempt,,,,True,,,,,,featherrise-telemetry-p3-default-rtdb-export.json
1776643923,da5527d5-6bb4-4e00-95a5-7095db56bf85,Feather_Recall_Attempt,,,,True,,,,,,featherrise-telemetry-p3-default-rtdb-export.json
1776643925,da5527d5-6bb4-4e00-95a5-7095db56bf85,Feather_Recall_Attempt,,,,False,,,,,,featherrise-telemetry-p3-default-rtdb-export.json
1776643926,da5527d5-6bb4-4e00-95a5-7095db56bf85,Feather_Recall_Attempt,,,,True,,,,,,featherrise-telemetry-p3-default-rtdb-export.json
1776643926,da5527d5-6bb4-4e00-95a5-7095db56bf85,Chest_Opened,1.0,,,,,,sword,,,featherrise-telemetry-p3-default-rtdb-export.json
1776643929,da5527d5-6bb4-4e00-95a5-7095db56bf85,Player_Attack,,,,,ground,True,,,,featherrise-telemetry-p3-default-rtdb-export.json
1776643930,da5527d5-6bb4-4e00-95a5-7095db56bf85,Player_Attack,,,,,ground,True,,,,featherrise-telemetry-p3-default-rtdb-export.json
1776643933,da5527d5-6bb4-4e00-95a5-7095db56bf85,Checkpoint_Reached,,57.31513595581055,15.656108856201172,,,,,,,featherrise-telemetry-p3-default-rtdb-export.json
1776643941,da5527d5-6bb4-4e00-95a5-7095db56bf85,Feather_Recall_Attempt,,,,True,,,,,,featherrise-telemetry-p3-default-rtdb-export.json
1776643945,da5527d5-6bb4-4e00-95a5-7095db56bf85,Player_Attack,,,,,ground,False,,,,featherrise-telemetry-p3-default-rtdb-export.json
1776643945,da5527d5-6bb4-4e00-95a5-7095db56bf85,Player_Attack,,,,,ground,True,,,,featherrise-telemetry-p3-default-rtdb-export.json
1776643946,da5527d5-6bb4-4e00-95a5-7095db56bf85,Player_Attack,,,,,ground,True,,,,featherrise-telemetry-p3-default-rtdb-export.json
1776643946,da5527d5-6bb4-4e00-95a5-7095db56bf85,Player_Attack,,,,,ground,False,,,,featherrise-telemetry-p3-default-rtdb-export.json
1776643947,da5527d5-6bb4-4e00-95a5-7095db56bf85,Chest_Opened,1.0,,,,,,featheritem,,,featherrise-telemetry-p3-default-rtdb-export.json
1776643953,da5527d5-6bb4-4e00-95a5-7095db56bf85,Feather_Recall_Attempt,,,,True,,,,,,featherrise-telemetry-p3-default-rtdb-export.json
1776643953,da5527d5-6bb4-4e00-95a5-7095db56bf85,Checkpoint_Reached,,93.42303466796875,45.87944793701172,,,,,,,featherrise-telemetry-p3-default-rtdb-export.json
1776643961,da5527d5-6bb4-4e00-95a5-7095db56bf85,Checkpoint_Reached,,120.4098129272461,24.714981079101562,,,,,,,featherrise-telemetry-p3-default-rtdb-export.json
1776643964,da5527d5-6bb4-4e00-95a5-7095db56bf85,Feather_Recall_Attempt,,,,True,,,,,,featherrise-telemetry-p3-default-rtdb-export.json
1776643975,da5527d5-6bb4-4e00-95a5-7095db56bf85,Player_Attack,,,,,ground,False,,,,featherrise-telemetry-p3-default-rtdb-export.json
1776643977,da5527d5-6bb4-4e00-95a5-7095db56bf85,Level_End,1.0,,,,,,,,completed,featherrise-telemetry-p3-default-rtdb-export.json
1776643977,da5527d5-6bb4-4e00-95a5-7095db56bf85,Level_Start,2.0,,,,,,,,,featherrise-telemetry-p3-default-rtdb-export.json
1776643977,da5527d5-6bb4-4e00-95a5-7095db56bf85,Checkpoint_Reached,,223.36000061035156,92.06299591064453,,,,,,,featherrise-telemetry-p3-default-rtdb-export.json
1776643991,da5527d5-6bb4-4e00-95a5-7095db56bf85,Checkpoint_Reached,,290.5879821777344,93.17677307128906,,,,,,,featherrise-telemetry-p3-default-rtdb-export.json
1776643992,da5527d5-6bb4-4e00-95a5-7095db56bf85,Feather_Recall_Attempt,,,,True,,,,,,featherrise-telemetry-p3-default-rtdb-export.json
1776643993,da5527d5-6bb4-4e00-95a5-7095db56bf85,Player_Death,,290.5879821777344,93.17677307128906,,,,,void,,featherrise-telemetry-p3-default-rtdb-export.json
1776644005,da5527d5-6bb4-4e00-95a5-7095db56bf85,Feather_Recall_Attempt,,,,True,,,,,,featherrise-telemetry-p3-default-rtdb-export.json
1776644008,da5527d5-6bb4-4e00-95a5-7095db56bf85,Feather_Recall_Attempt,,,,True,,,,,,featherrise-telemetry-p3-default-rtdb-export.json
1776644033,da5527d5-6bb4-4e00-95a5-7095db56bf85,Level_End,2.0,,,,,,,,completed,featherrise-telemetry-p3-default-rtdb-export.json
1776644063,da5527d5-6bb4-4e00-95a5-7095db56bf85,Session_End,,,,,,,,,,featherrise-telemetry-p3-default-rtdb-export.json
1776513161,ed5a11c2-74d0-4d9d-a710-e48b6562235b,Session_Start,,,,,,,,,,telemetry_ed5a11c2-74d0-4d9d-a710-e48b6562235b_20260418_135241.json
1776513174,ed5a11c2-74d0-4d9d-a710-e48b6562235b,Level_Start,1.0,,,,,,,,,telemetry_ed5a11c2-74d0-4d9d-a710-e48b6562235b_20260418_135241.json
1776513174,ed5a11c2-74d0-4d9d-a710-e48b6562235b,Checkpoint_Reached,,-0.699981689453125,-0.20000457763671875,,,,,,,telemetry_ed5a11c2-74d0-4d9d-a710-e48b6562235b_20260418_135241.json
1776513179,ed5a11c2-74d0-4d9d-a710-e48b6562235b,Checkpoint_Reached,,-5.786724090576172,0.5762405395507812,,,,,,,telemetry_ed5a11c2-74d0-4d9d-a710-e48b6562235b_20260418_135241.json
1776513180,ed5a11c2-74d0-4d9d-a710-e48b6562235b,Chest_Opened,1.0,,,,,,featheritem,,,telemetry_ed5a11c2-74d0-4d9d-a710-e48b6562235b_20260418_135241.json
1776513186,ed5a11c2-74d0-4d9d-a710-e48b6562235b,Feather_Recall_Attempt,,,,True,,,,,,telemetry_ed5a11c2-74d0-4d9d-a710-e48b6562235b_20260418_135241.json
1776513190,ed5a11c2-74d0-4d9d-a710-e48b6562235b,Checkpoint_Reached,,21.302473068237305,2.572967529296875,,,,,,,telemetry_ed5a11c2-74d0-4d9d-a710-e48b6562235b_20260418_135241.json
1776513199,ed5a11c2-74d0-4d9d-a710-e48b6562235b,Chest_Opened,1.0,,,,,,featheritem,,,telemetry_ed5a11c2-74d0-4d9d-a710-e48b6562235b_20260418_135241.json
1776513206,ed5a11c2-74d0-4d9d-a710-e48b6562235b,Feather_Recall_Attempt,,,,True,,,,,,telemetry_ed5a11c2-74d0-4d9d-a710-e48b6562235b_20260418_135241.json
1776513207,ed5a11c2-74d0-4d9d-a710-e48b6562235b,Feather_Recall_Attempt,,,,False,,,,,,telemetry_ed5a11c2-74d0-4d9d-a710-e48b6562235b_20260418_135241.json
1776513216,ed5a11c2-74d0-4d9d-a710-e48b6562235b,Feather_Recall_Attempt,,,,False,,,,,,telemetry_ed5a11c2-74d0-4d9d-a710-e48b6562235b_20260418_135241.json
1776513221,ed5a11c2-74d0-4d9d-a710-e48b6562235b,Chest_Opened,1.0,,,,,,sword,,,telemetry_ed5a11c2-74d0-4d9d-a710-e48b6562235b_20260418_135241.json
1776513225,ed5a11c2-74d0-4d9d-a710-e48b6562235b,Player_Attack,,,,,ground,True,,,,telemetry_ed5a11c2-74d0-4d9d-a710-e48b6562235b_20260418_135241.json
1776513226,ed5a11c2-74d0-4d9d-a710-e48b6562235b,Player_Attack,,,,,ground,True,,,,telemetry_ed5a11c2-74d0-4d9d-a710-e48b6562235b_20260418_135241.json
1776513226,ed5a11c2-74d0-4d9d-a710-e48b6562235b,Player_Attack,,,,,ground,False,,,,telemetry_ed5a11c2-74d0-4d9d-a710-e48b6562235b_20260418_135241.json
1776513227,ed5a11c2-74d0-4d9d-a710-e48b6562235b,Player_Attack,,,,,ground,False,,,,telemetry_ed5a11c2-74d0-4d9d-a710-e48b6562235b_20260418_135241.json
1776513230,ed5a11c2-74d0-4d9d-a710-e48b6562235b,Checkpoint_Reached,,57.31513595581055,15.656108856201172,,,,,,,telemetry_ed5a11c2-74d0-4d9d-a710-e48b6562235b_20260418_135241.json
1776513238,ed5a11c2-74d0-4d9d-a710-e48b6562235b,Feather_Recall_Attempt,,,,True,,,,,,telemetry_ed5a11c2-74d0-4d9d-a710-e48b6562235b_20260418_135241.json
1776513245,ed5a11c2-74d0-4d9d-a710-e48b6562235b,Feather_Recall_Attempt,,,,True,,,,,,telemetry_ed5a11c2-74d0-4d9d-a710-e48b6562235b_20260418_135241.json
1776513248,ed5a11c2-74d0-4d9d-a710-e48b6562235b,Player_Attack,,,,,ground,True,,,,telemetry_ed5a11c2-74d0-4d9d-a710-e48b6562235b_20260418_135241.json
1776513249,ed5a11c2-74d0-4d9d-a710-e48b6562235b,Player_Attack,,,,,ground,False,,,,telemetry_ed5a11c2-74d0-4d9d-a710-e48b6562235b_20260418_135241.json
1776513251,ed5a11c2-74d0-4d9d-a710-e48b6562235b,Player_Attack,,,,,ground,False,,,,telemetry_ed5a11c2-74d0-4d9d-a710-e48b6562235b_20260418_135241.json
1776513252,ed5a11c2-74d0-4d9d-a710-e48b6562235b,Player_Attack,,,,,ground,False,,,,telemetry_ed5a11c2-74d0-4d9d-a710-e48b6562235b_20260418_135241.json
1776513252,ed5a11c2-74d0-4d9d-a710-e48b6562235b,Player_Attack,,,,,ground,True,,,,telemetry_ed5a11c2-74d0-4d9d-a710-e48b6562235b_20260418_135241.json
1776513253,ed5a11c2-74d0-4d9d-a710-e48b6562235b,Player_Attack,,,,,ground,False,,,,telemetry_ed5a11c2-74d0-4d9d-a710-e48b6562235b_20260418_135241.json
1776513253,ed5a11c2-74d0-4d9d-a710-e48b6562235b,Chest_Opened,1.0,,,,,,featheritem,,,telemetry_ed5a11c2-74d0-4d9d-a710-e48b6562235b_20260418_135241.json
1776513257,ed5a11c2-74d0-4d9d-a710-e48b6562235b,Feather_Recall_Attempt,,,,False,,,,,,telemetry_ed5a11c2-74d0-4d9d-a710-e48b6562235b_20260418_135241.json
1776513260,ed5a11c2-74d0-4d9d-a710-e48b6562235b,Feather_Recall_Attempt,,,,True,,,,,,telemetry_ed5a11c2-74d0-4d9d-a710-e48b6562235b_20260418_135241.json
1776513263,ed5a11c2-74d0-4d9d-a710-e48b6562235b,Checkpoint_Reached,,93.42303466796875,45.87944793701172,,,,,,,telemetry_ed5a11c2-74d0-4d9d-a710-e48b6562235b_20260418_135241.json
1776513265,ed5a11c2-74d0-4d9d-a710-e48b6562235b,Player_Attack,,,,,aerial,False,,,,telemetry_ed5a11c2-74d0-4d9d-a710-e48b6562235b_20260418_135241.json
1776513266,ed5a11c2-74d0-4d9d-a710-e48b6562235b,Player_Attack,,,,,ground,False,,,,telemetry_ed5a11c2-74d0-4d9d-a710-e48b6562235b_20260418_135241.json
1776513267,ed5a11c2-74d0-4d9d-a710-e48b6562235b,Player_Attack,,,,,ground,False,,,,telemetry_ed5a11c2-74d0-4d9d-a710-e48b6562235b_20260418_135241.json
1776513270,ed5a11c2-74d0-4d9d-a710-e48b6562235b,Checkpoint_Reached,,120.4098129272461,24.714981079101562,,,,,,,telemetry_ed5a11c2-74d0-4d9d-a710-e48b6562235b_20260418_135241.json
1776513271,ed5a11c2-74d0-4d9d-a710-e48b6562235b,Feather_Recall_Attempt,,,,False,,,,,,telemetry_ed5a11c2-74d0-4d9d-a710-e48b6562235b_20260418_135241.json
1776513282,ed5a11c2-74d0-4d9d-a710-e48b6562235b,Feather_Recall_Attempt,,,,True,,,,,,telemetry_ed5a11c2-74d0-4d9d-a710-e48b6562235b_20260418_135241.json
1776513288,ed5a11c2-74d0-4d9d-a710-e48b6562235b,Level_End,1.0,,,,,,,,completed,telemetry_ed5a11c2-74d0-4d9d-a710-e48b6562235b_20260418_135241.json
1776513289,ed5a11c2-74d0-4d9d-a710-e48b6562235b,Level_Start,2.0,,,,,,,,,telemetry_ed5a11c2-74d0-4d9d-a710-e48b6562235b_20260418_135241.json
1776513289,ed5a11c2-74d0-4d9d-a710-e48b6562235b,Checkpoint_Reached,,223.36000061035156,92.06299591064453,,,,,,,telemetry_ed5a11c2-74d0-4d9d-a710-e48b6562235b_20260418_135241.json
1776513294,ed5a11c2-74d0-4d9d-a710-e48b6562235b,Player_Death,,223.36000061035156,92.06299591064453,,,,,void,,telemetry_ed5a11c2-74d0-4d9d-a710-e48b6562235b_20260418_135241.json
1776513303,ed5a11c2-74d0-4d9d-a710-e48b6562235b,Feather_Recall_Attempt,,,,True,,,,,,telemetry_ed5a11c2-74d0-4d9d-a710-e48b6562235b_20260418_135241.json
1776513306,ed5a11c2-74d0-4d9d-a710-e48b6562235b,Player_Death,,223.36000061035156,92.06299591064453,,,,,void,,telemetry_ed5a11c2-74d0-4d9d-a710-e48b6562235b_20260418_135241.json
1776513314,ed5a11c2-74d0-4d9d-a710-e48b6562235b,Feather_Recall_Attempt,,,,True,,,,,,telemetry_ed5a11c2-74d0-4d9d-a710-e48b6562235b_20260418_135241.json
1776513319,ed5a11c2-74d0-4d9d-a710-e48b6562235b,Player_Death,,223.36000061035156,92.06299591064453,,,,,void,,telemetry_ed5a11c2-74d0-4d9d-a710-e48b6562235b_20260418_135241.json
1776513319,ed5a11c2-74d0-4d9d-a710-e48b6562235b,Feather_Recall_Attempt,,,,False,,,,,,telemetry_ed5a11c2-74d0-4d9d-a710-e48b6562235b_20260418_135241.json
1776513321,ed5a11c2-74d0-4d9d-a710-e48b6562235b,Feather_Recall_Attempt,,,,True,,,,,,telemetry_ed5a11c2-74d0-4d9d-a710-e48b6562235b_20260418_135241.json
1776513323,ed5a11c2-74d0-4d9d-a710-e48b6562235b,Feather_Recall_Attempt,,,,False,,,,,,telemetry_ed5a11c2-74d0-4d9d-a710-e48b6562235b_20260418_135241.json
1776513324,ed5a11c2-74d0-4d9d-a710-e48b6562235b,Feather_Recall_Attempt,,,,True,,,,,,telemetry_ed5a11c2-74d0-4d9d-a710-e48b6562235b_20260418_135241.json
1776513335,ed5a11c2-74d0-4d9d-a710-e48b6562235b,Player_Death,,223.36000061035156,92.06299591064453,,,,,void,,telemetry_ed5a11c2-74d0-4d9d-a710-e48b6562235b_20260418_135241.json
1776513341,ed5a11c2-74d0-4d9d-a710-e48b6562235b,Feather_Recall_Attempt,,,,True,,,,,,telemetry_ed5a11c2-74d0-4d9d-a710-e48b6562235b_20260418_135241.json
1776513354,ed5a11c2-74d0-4d9d-a710-e48b6562235b,Feather_Recall_Attempt,,,,True,,,,,,telemetry_ed5a11c2-74d0-4d9d-a710-e48b6562235b_20260418_135241.json
1776513356,ed5a11c2-74d0-4d9d-a710-e48b6562235b,Checkpoint_Reached,,290.5879821777344,93.17677307128906,,,,,,,telemetry_ed5a11c2-74d0-4d9d-a710-e48b6562235b_20260418_135241.json
1776513368,ed5a11c2-74d0-4d9d-a710-e48b6562235b,Feather_Recall_Attempt,,,,True,,,,,,telemetry_ed5a11c2-74d0-4d9d-a710-e48b6562235b_20260418_135241.json
1776513370,ed5a11c2-74d0-4d9d-a710-e48b6562235b,Feather_Recall_Attempt,,,,False,,,,,,telemetry_ed5a11c2-74d0-4d9d-a710-e48b6562235b_20260418_135241.json
1776513371,ed5a11c2-74d0-4d9d-a710-e48b6562235b,Feather_Recall_Attempt,,,,True,,,,,,telemetry_ed5a11c2-74d0-4d9d-a710-e48b6562235b_20260418_135241.json
1776513393,ed5a11c2-74d0-4d9d-a710-e48b6562235b,Player_Attack,,,,,aerial,True,,,,telemetry_ed5a11c2-74d0-4d9d-a710-e48b6562235b_20260418_135241.json
1776513397,ed5a11c2-74d0-4d9d-a710-e48b6562235b,Player_Attack,,,,,aerial,True,,,,telemetry_ed5a11c2-74d0-4d9d-a710-e48b6562235b_20260418_135241.json
1776513400,ed5a11c2-74d0-4d9d-a710-e48b6562235b,Player_Attack,,,,,aerial,True,,,,telemetry_ed5a11c2-74d0-4d9d-a710-e48b6562235b_20260418_135241.json
1776513404,ed5a11c2-74d0-4d9d-a710-e48b6562235b,Player_Death,,290.5879821777344,93.17677307128906,,,,,void,,telemetry_ed5a11c2-74d0-4d9d-a710-e48b6562235b_20260418_135241.json
1776513406,ed5a11c2-74d0-4d9d-a710-e48b6562235b,Player_Death,,290.5879821777344,93.17677307128906,,,,,void,,telemetry_ed5a11c2-74d0-4d9d-a710-e48b6562235b_20260418_135241.json
1776513412,ed5a11c2-74d0-4d9d-a710-e48b6562235b,Player_Death,,290.5879821777344,93.17677307128906,,,,,void,,telemetry_ed5a11c2-74d0-4d9d-a710-e48b6562235b_20260418_135241.json
1776513422,ed5a11c2-74d0-4d9d-a710-e48b6562235b,Player_Death,,290.5879821777344,93.17677307128906,,,,,void,,telemetry_ed5a11c2-74d0-4d9d-a710-e48b6562235b_20260418_135241.json
1776513434,ed5a11c2-74d0-4d9d-a710-e48b6562235b,Feather_Recall_Attempt,,,,True,,,,,,telemetry_ed5a11c2-74d0-4d9d-a710-e48b6562235b_20260418_135241.json
1776513435,ed5a11c2-74d0-4d9d-a710-e48b6562235b,Feather_Recall_Attempt,,,,True,,,,,,telemetry_ed5a11c2-74d0-4d9d-a710-e48b6562235b_20260418_135241.json
1776513442,ed5a11c2-74d0-4d9d-a710-e48b6562235b,Feather_Recall_Attempt,,,,True,,,,,,telemetry_ed5a11c2-74d0-4d9d-a710-e48b6562235b_20260418_135241.json
1776513445,ed5a11c2-74d0-4d9d-a710-e48b6562235b,Feather_Recall_Attempt,,,,True,,,,,,telemetry_ed5a11c2-74d0-4d9d-a710-e48b6562235b_20260418_135241.json
1776513460,ed5a11c2-74d0-4d9d-a710-e48b6562235b,Player_Death,,290.5879821777344,93.17677307128906,,,,,void,,telemetry_ed5a11c2-74d0-4d9d-a710-e48b6562235b_20260418_135241.json
1776513462,ed5a11c2-74d0-4d9d-a710-e48b6562235b,Player_Attack,,,,,ground,False,,,,telemetry_ed5a11c2-74d0-4d9d-a710-e48b6562235b_20260418_135241.json
1776513462,ed5a11c2-74d0-4d9d-a710-e48b6562235b,Level_End,2.0,,,,,,,,quit,telemetry_ed5a11c2-74d0-4d9d-a710-e48b6562235b_20260418_135241.json
1776513464,ed5a11c2-74d0-4d9d-a710-e48b6562235b,Session_End,,,,,,,,,,telemetry_ed5a11c2-74d0-4d9d-a710-e48b6562235b_20260418_135241.json
